TrialID,Condition,Truth,Image
1,equal,0,allimgs/equal_absent_00001.png
2,equal,0,allimgs/equal_absent_00002.png
3,equal,0,allimgs/equal_absent_00003.png
4,equal,0,allimgs/equal_absent_00004.png
5,equal,0,allimgs/equal_absent_00005.png
6,equal,0,allimgs/equal_absent_00006.png
7,equal,0,allimgs/equal_absent_00007.png
8,equal,0,allimgs/equal_absent_00008.png
9,equal,0,allimgs/equal_absent_00009.png
10,equal,0,allimgs/equal_absent_00010.png
11,equal,0,allimgs/equal_absent_00011.png
12,equal,0,allimgs/equal_absent_00012.png
13,equal,0,allimgs/equal_absent_00013.png
14,equal,0,allimgs/equal_absent_00014.png
15,equal,0,allimgs/equal_absent_00015.png
16,equal,0,allimgs/equal_absent_00016.png
17,equal,0,allimgs/equal_absent_00017.png
18,equal,0,allimgs/equal_absent_00018.png
19,equal,0,allimgs/equal_absent_00019.png
20,equal,0,allimgs/equal_absent_00020.png
21,equal,0,allimgs/equal_absent_00021.png
22,equal,0,allimgs/equal_absent_00022.png
23,equal,0,allimgs/equal_absent_00023.png
24,equal,0,allimgs/equal_absent_00024.png
25,equal,0,allimgs/equal_absent_00025.png
26,equal,0,allimgs/equal_absent_00026.png
27,equal,0,allimgs/equal_absent_00027.png
28,equal,0,allimgs/equal_absent_00028.png
29,equal,0,allimgs/equal_absent_00029.png
30,equal,0,allimgs/equal_absent_00030.png
31,equal,0,allimgs/equal_absent_00031.png
32,equal,0,allimgs/equal_absent_00032.png
33,equal,0,allimgs/equal_absent_00033.png
34,equal,0,allimgs/equal_absent_00034.png
35,equal,0,allimgs/equal_absent_00035.png
36,equal,0,allimgs/equal_absent_00036.png
37,equal,0,allimgs/equal_absent_00037.png
38,equal,0,allimgs/equal_absent_00038.png
39,equal,0,allimgs/equal_absent_00039.png
40,equal,0,allimgs/equal_absent_00040.png
41,equal,0,allimgs/equal_absent_00041.png
42,equal,0,allimgs/equal_absent_00042.png
43,equal,0,allimgs/equal_absent_00043.png
44,equal,0,allimgs/equal_absent_00044.png
45,equal,0,allimgs/equal_absent_00045.png
46,equal,0,allimgs/equal_absent_00046.png
47,equal,0,allimgs/equal_absent_00047.png
48,equal,0,allimgs/equal_absent_00048.png
49,equal,0,allimgs/equal_absent_00049.png
50,equal,0,allimgs/equal_absent_00050.png
51,equal,0,allimgs/equal_absent_00051.png
52,equal,0,allimgs/equal_absent_00052.png
53,equal,0,allimgs/equal_absent_00053.png
54,equal,0,allimgs/equal_absent_00054.png
55,equal,0,allimgs/equal_absent_00055.png
56,equal,0,allimgs/equal_absent_00056.png
57,equal,0,allimgs/equal_absent_00057.png
58,equal,0,allimgs/equal_absent_00058.png
59,equal,0,allimgs/equal_absent_00059.png
60,equal,0,allimgs/equal_absent_00060.png
61,equal,0,allimgs/equal_absent_00061.png
62,equal,0,allimgs/equal_absent_00062.png
63,equal,0,allimgs/equal_absent_00063.png
64,equal,0,allimgs/equal_absent_00064.png
65,equal,0,allimgs/equal_absent_00065.png
66,equal,0,allimgs/equal_absent_00066.png
67,equal,0,allimgs/equal_absent_00067.png
68,equal,0,allimgs/equal_absent_00068.png
69,equal,0,allimgs/equal_absent_00069.png
70,equal,0,allimgs/equal_absent_00070.png
71,equal,0,allimgs/equal_absent_00071.png
72,equal,0,allimgs/equal_absent_00072.png
73,equal,0,allimgs/equal_absent_00073.png
74,equal,0,allimgs/equal_absent_00074.png
75,equal,0,allimgs/equal_absent_00075.png
76,equal,0,allimgs/equal_absent_00076.png
77,equal,0,allimgs/equal_absent_00077.png
78,equal,0,allimgs/equal_absent_00078.png
79,equal,0,allimgs/equal_absent_00079.png
80,equal,0,allimgs/equal_absent_00080.png
81,equal,0,allimgs/equal_absent_00081.png
82,equal,0,allimgs/equal_absent_00082.png
83,equal,0,allimgs/equal_absent_00083.png
84,equal,0,allimgs/equal_absent_00084.png
85,equal,0,allimgs/equal_absent_00085.png
86,equal,0,allimgs/equal_absent_00086.png
87,equal,0,allimgs/equal_absent_00087.png
88,equal,0,allimgs/equal_absent_00088.png
89,equal,0,allimgs/equal_absent_00089.png
90,equal,0,allimgs/equal_absent_00090.png
91,equal,0,allimgs/equal_absent_00091.png
92,equal,0,allimgs/equal_absent_00092.png
93,equal,0,allimgs/equal_absent_00093.png
94,equal,0,allimgs/equal_absent_00094.png
95,equal,0,allimgs/equal_absent_00095.png
96,equal,0,allimgs/equal_absent_00096.png
97,equal,0,allimgs/equal_absent_00097.png
98,equal,0,allimgs/equal_absent_00098.png
99,equal,0,allimgs/equal_absent_00099.png
100,equal,0,allimgs/equal_absent_00100.png
101,equal,0,allimgs/equal_absent_00101.png
102,equal,0,allimgs/equal_absent_00102.png
103,equal,0,allimgs/equal_absent_00103.png
104,equal,0,allimgs/equal_absent_00104.png
105,equal,0,allimgs/equal_absent_00105.png
106,equal,0,allimgs/equal_absent_00106.png
107,equal,0,allimgs/equal_absent_00107.png
108,equal,0,allimgs/equal_absent_00108.png
109,equal,0,allimgs/equal_absent_00109.png
110,equal,0,allimgs/equal_absent_00110.png
111,equal,0,allimgs/equal_absent_00111.png
112,equal,0,allimgs/equal_absent_00112.png
113,equal,0,allimgs/equal_absent_00113.png
114,equal,0,allimgs/equal_absent_00114.png
115,equal,0,allimgs/equal_absent_00115.png
116,equal,0,allimgs/equal_absent_00116.png
117,equal,0,allimgs/equal_absent_00117.png
118,equal,0,allimgs/equal_absent_00118.png
119,equal,0,allimgs/equal_absent_00119.png
120,equal,0,allimgs/equal_absent_00120.png
121,equal,0,allimgs/equal_absent_00121.png
122,equal,0,allimgs/equal_absent_00122.png
123,equal,0,allimgs/equal_absent_00123.png
124,equal,0,allimgs/equal_absent_00124.png
125,equal,0,allimgs/equal_absent_00125.png
126,equal,0,allimgs/equal_absent_00126.png
127,equal,0,allimgs/equal_absent_00127.png
128,equal,0,allimgs/equal_absent_00128.png
129,equal,0,allimgs/equal_absent_00129.png
130,equal,0,allimgs/equal_absent_00130.png
131,equal,0,allimgs/equal_absent_00131.png
132,equal,0,allimgs/equal_absent_00132.png
133,equal,0,allimgs/equal_absent_00133.png
134,equal,0,allimgs/equal_absent_00134.png
135,equal,0,allimgs/equal_absent_00135.png
136,equal,0,allimgs/equal_absent_00136.png
137,equal,0,allimgs/equal_absent_00137.png
138,equal,0,allimgs/equal_absent_00138.png
139,equal,0,allimgs/equal_absent_00139.png
140,equal,0,allimgs/equal_absent_00140.png
141,equal,0,allimgs/equal_absent_00141.png
142,equal,0,allimgs/equal_absent_00142.png
143,equal,0,allimgs/equal_absent_00143.png
144,equal,0,allimgs/equal_absent_00144.png
145,equal,0,allimgs/equal_absent_00145.png
146,equal,0,allimgs/equal_absent_00146.png
147,equal,0,allimgs/equal_absent_00147.png
148,equal,0,allimgs/equal_absent_00148.png
149,equal,0,allimgs/equal_absent_00149.png
150,equal,0,allimgs/equal_absent_00150.png
151,equal,0,allimgs/equal_absent_00151.png
152,equal,0,allimgs/equal_absent_00152.png
153,equal,0,allimgs/equal_absent_00153.png
154,equal,0,allimgs/equal_absent_00154.png
155,equal,0,allimgs/equal_absent_00155.png
156,equal,0,allimgs/equal_absent_00156.png
157,equal,0,allimgs/equal_absent_00157.png
158,equal,0,allimgs/equal_absent_00158.png
159,equal,0,allimgs/equal_absent_00159.png
160,equal,0,allimgs/equal_absent_00160.png
161,equal,0,allimgs/equal_absent_00161.png
162,equal,0,allimgs/equal_absent_00162.png
163,equal,0,allimgs/equal_absent_00163.png
164,equal,0,allimgs/equal_absent_00164.png
165,equal,0,allimgs/equal_absent_00165.png
166,equal,0,allimgs/equal_absent_00166.png
167,equal,0,allimgs/equal_absent_00167.png
168,equal,0,allimgs/equal_absent_00168.png
169,equal,0,allimgs/equal_absent_00169.png
170,equal,0,allimgs/equal_absent_00170.png
171,equal,0,allimgs/equal_absent_00171.png
172,equal,0,allimgs/equal_absent_00172.png
173,equal,0,allimgs/equal_absent_00173.png
174,equal,0,allimgs/equal_absent_00174.png
175,equal,0,allimgs/equal_absent_00175.png
176,equal,0,allimgs/equal_absent_00176.png
177,equal,0,allimgs/equal_absent_00177.png
178,equal,0,allimgs/equal_absent_00178.png
179,equal,0,allimgs/equal_absent_00179.png
180,equal,0,allimgs/equal_absent_00180.png
181,equal,0,allimgs/equal_absent_00181.png
182,equal,0,allimgs/equal_absent_00182.png
183,equal,0,allimgs/equal_absent_00183.png
184,equal,0,allimgs/equal_absent_00184.png
185,equal,0,allimgs/equal_absent_00185.png
186,equal,0,allimgs/equal_absent_00186.png
187,equal,0,allimgs/equal_absent_00187.png
188,equal,0,allimgs/equal_absent_00188.png
189,equal,0,allimgs/equal_absent_00189.png
190,equal,0,allimgs/equal_absent_00190.png
191,equal,0,allimgs/equal_absent_00191.png
192,equal,0,allimgs/equal_absent_00192.png
193,equal,0,allimgs/equal_absent_00193.png
194,equal,0,allimgs/equal_absent_00194.png
195,equal,0,allimgs/equal_absent_00195.png
196,equal,0,allimgs/equal_absent_00196.png
197,equal,0,allimgs/equal_absent_00197.png
198,equal,0,allimgs/equal_absent_00198.png
199,equal,0,allimgs/equal_absent_00199.png
200,equal,0,allimgs/equal_absent_00200.png
201,equal,1,allimgs/equal_present_00201.png
202,equal,1,allimgs/equal_present_00202.png
203,equal,1,allimgs/equal_present_00203.png
204,equal,1,allimgs/equal_present_00204.png
205,equal,1,allimgs/equal_present_00205.png
206,equal,1,allimgs/equal_present_00206.png
207,equal,1,allimgs/equal_present_00207.png
208,equal,1,allimgs/equal_present_00208.png
209,equal,1,allimgs/equal_present_00209.png
210,equal,1,allimgs/equal_present_00210.png
211,equal,1,allimgs/equal_present_00211.png
212,equal,1,allimgs/equal_present_00212.png
213,equal,1,allimgs/equal_present_00213.png
214,equal,1,allimgs/equal_present_00214.png
215,equal,1,allimgs/equal_present_00215.png
216,equal,1,allimgs/equal_present_00216.png
217,equal,1,allimgs/equal_present_00217.png
218,equal,1,allimgs/equal_present_00218.png
219,equal,1,allimgs/equal_present_00219.png
220,equal,1,allimgs/equal_present_00220.png
221,equal,1,allimgs/equal_present_00221.png
222,equal,1,allimgs/equal_present_00222.png
223,equal,1,allimgs/equal_present_00223.png
224,equal,1,allimgs/equal_present_00224.png
225,equal,1,allimgs/equal_present_00225.png
226,equal,1,allimgs/equal_present_00226.png
227,equal,1,allimgs/equal_present_00227.png
228,equal,1,allimgs/equal_present_00228.png
229,equal,1,allimgs/equal_present_00229.png
230,equal,1,allimgs/equal_present_00230.png
231,equal,1,allimgs/equal_present_00231.png
232,equal,1,allimgs/equal_present_00232.png
233,equal,1,allimgs/equal_present_00233.png
234,equal,1,allimgs/equal_present_00234.png
235,equal,1,allimgs/equal_present_00235.png
236,equal,1,allimgs/equal_present_00236.png
237,equal,1,allimgs/equal_present_00237.png
238,equal,1,allimgs/equal_present_00238.png
239,equal,1,allimgs/equal_present_00239.png
240,equal,1,allimgs/equal_present_00240.png
241,equal,1,allimgs/equal_present_00241.png
242,equal,1,allimgs/equal_present_00242.png
243,equal,1,allimgs/equal_present_00243.png
244,equal,1,allimgs/equal_present_00244.png
245,equal,1,allimgs/equal_present_00245.png
246,equal,1,allimgs/equal_present_00246.png
247,equal,1,allimgs/equal_present_00247.png
248,equal,1,allimgs/equal_present_00248.png
249,equal,1,allimgs/equal_present_00249.png
250,equal,1,allimgs/equal_present_00250.png
251,equal,1,allimgs/equal_present_00251.png
252,equal,1,allimgs/equal_present_00252.png
253,equal,1,allimgs/equal_present_00253.png
254,equal,1,allimgs/equal_present_00254.png
255,equal,1,allimgs/equal_present_00255.png
256,equal,1,allimgs/equal_present_00256.png
257,equal,1,allimgs/equal_present_00257.png
258,equal,1,allimgs/equal_present_00258.png
259,equal,1,allimgs/equal_present_00259.png
260,equal,1,allimgs/equal_present_00260.png
261,equal,1,allimgs/equal_present_00261.png
262,equal,1,allimgs/equal_present_00262.png
263,equal,1,allimgs/equal_present_00263.png
264,equal,1,allimgs/equal_present_00264.png
265,equal,1,allimgs/equal_present_00265.png
266,equal,1,allimgs/equal_present_00266.png
267,equal,1,allimgs/equal_present_00267.png
268,equal,1,allimgs/equal_present_00268.png
269,equal,1,allimgs/equal_present_00269.png
270,equal,1,allimgs/equal_present_00270.png
271,equal,1,allimgs/equal_present_00271.png
272,equal,1,allimgs/equal_present_00272.png
273,equal,1,allimgs/equal_present_00273.png
274,equal,1,allimgs/equal_present_00274.png
275,equal,1,allimgs/equal_present_00275.png
276,equal,1,allimgs/equal_present_00276.png
277,equal,1,allimgs/equal_present_00277.png
278,equal,1,allimgs/equal_present_00278.png
279,equal,1,allimgs/equal_present_00279.png
280,equal,1,allimgs/equal_present_00280.png
281,equal,1,allimgs/equal_present_00281.png
282,equal,1,allimgs/equal_present_00282.png
283,equal,1,allimgs/equal_present_00283.png
284,equal,1,allimgs/equal_present_00284.png
285,equal,1,allimgs/equal_present_00285.png
286,equal,1,allimgs/equal_present_00286.png
287,equal,1,allimgs/equal_present_00287.png
288,equal,1,allimgs/equal_present_00288.png
289,equal,1,allimgs/equal_present_00289.png
290,equal,1,allimgs/equal_present_00290.png
291,equal,1,allimgs/equal_present_00291.png
292,equal,1,allimgs/equal_present_00292.png
293,equal,1,allimgs/equal_present_00293.png
294,equal,1,allimgs/equal_present_00294.png
295,equal,1,allimgs/equal_present_00295.png
296,equal,1,allimgs/equal_present_00296.png
297,equal,1,allimgs/equal_present_00297.png
298,equal,1,allimgs/equal_present_00298.png
299,equal,1,allimgs/equal_present_00299.png
300,equal,1,allimgs/equal_present_00300.png
301,equal,1,allimgs/equal_present_00301.png
302,equal,1,allimgs/equal_present_00302.png
303,equal,1,allimgs/equal_present_00303.png
304,equal,1,allimgs/equal_present_00304.png
305,equal,1,allimgs/equal_present_00305.png
306,equal,1,allimgs/equal_present_00306.png
307,equal,1,allimgs/equal_present_00307.png
308,equal,1,allimgs/equal_present_00308.png
309,equal,1,allimgs/equal_present_00309.png
310,equal,1,allimgs/equal_present_00310.png
311,equal,1,allimgs/equal_present_00311.png
312,equal,1,allimgs/equal_present_00312.png
313,equal,1,allimgs/equal_present_00313.png
314,equal,1,allimgs/equal_present_00314.png
315,equal,1,allimgs/equal_present_00315.png
316,equal,1,allimgs/equal_present_00316.png
317,equal,1,allimgs/equal_present_00317.png
318,equal,1,allimgs/equal_present_00318.png
319,equal,1,allimgs/equal_present_00319.png
320,equal,1,allimgs/equal_present_00320.png
321,equal,1,allimgs/equal_present_00321.png
322,equal,1,allimgs/equal_present_00322.png
323,equal,1,allimgs/equal_present_00323.png
324,equal,1,allimgs/equal_present_00324.png
325,equal,1,allimgs/equal_present_00325.png
326,equal,1,allimgs/equal_present_00326.png
327,equal,1,allimgs/equal_present_00327.png
328,equal,1,allimgs/equal_present_00328.png
329,equal,1,allimgs/equal_present_00329.png
330,equal,1,allimgs/equal_present_00330.png
331,equal,1,allimgs/equal_present_00331.png
332,equal,1,allimgs/equal_present_00332.png
333,equal,1,allimgs/equal_present_00333.png
334,equal,1,allimgs/equal_present_00334.png
335,equal,1,allimgs/equal_present_00335.png
336,equal,1,allimgs/equal_present_00336.png
337,equal,1,allimgs/equal_present_00337.png
338,equal,1,allimgs/equal_present_00338.png
339,equal,1,allimgs/equal_present_00339.png
340,equal,1,allimgs/equal_present_00340.png
341,equal,1,allimgs/equal_present_00341.png
342,equal,1,allimgs/equal_present_00342.png
343,equal,1,allimgs/equal_present_00343.png
344,equal,1,allimgs/equal_present_00344.png
345,equal,1,allimgs/equal_present_00345.png
346,equal,1,allimgs/equal_present_00346.png
347,equal,1,allimgs/equal_present_00347.png
348,equal,1,allimgs/equal_present_00348.png
349,equal,1,allimgs/equal_present_00349.png
350,equal,1,allimgs/equal_present_00350.png
351,equal,1,allimgs/equal_present_00351.png
352,equal,1,allimgs/equal_present_00352.png
353,equal,1,allimgs/equal_present_00353.png
354,equal,1,allimgs/equal_present_00354.png
355,equal,1,allimgs/equal_present_00355.png
356,equal,1,allimgs/equal_present_00356.png
357,equal,1,allimgs/equal_present_00357.png
358,equal,1,allimgs/equal_present_00358.png
359,equal,1,allimgs/equal_present_00359.png
360,equal,1,allimgs/equal_present_00360.png
361,equal,1,allimgs/equal_present_00361.png
362,equal,1,allimgs/equal_present_00362.png
363,equal,1,allimgs/equal_present_00363.png
364,equal,1,allimgs/equal_present_00364.png
365,equal,1,allimgs/equal_present_00365.png
366,equal,1,allimgs/equal_present_00366.png
367,equal,1,allimgs/equal_present_00367.png
368,equal,1,allimgs/equal_present_00368.png
369,equal,1,allimgs/equal_present_00369.png
370,equal,1,allimgs/equal_present_00370.png
371,equal,1,allimgs/equal_present_00371.png
372,equal,1,allimgs/equal_present_00372.png
373,equal,1,allimgs/equal_present_00373.png
374,equal,1,allimgs/equal_present_00374.png
375,equal,1,allimgs/equal_present_00375.png
376,equal,1,allimgs/equal_present_00376.png
377,equal,1,allimgs/equal_present_00377.png
378,equal,1,allimgs/equal_present_00378.png
379,equal,1,allimgs/equal_present_00379.png
380,equal,1,allimgs/equal_present_00380.png
381,equal,1,allimgs/equal_present_00381.png
382,equal,1,allimgs/equal_present_00382.png
383,equal,1,allimgs/equal_present_00383.png
384,equal,1,allimgs/equal_present_00384.png
385,equal,1,allimgs/equal_present_00385.png
386,equal,1,allimgs/equal_present_00386.png
387,equal,1,allimgs/equal_present_00387.png
388,equal,1,allimgs/equal_present_00388.png
389,equal,1,allimgs/equal_present_00389.png
390,equal,1,allimgs/equal_present_00390.png
391,equal,1,allimgs/equal_present_00391.png
392,equal,1,allimgs/equal_present_00392.png
393,equal,1,allimgs/equal_present_00393.png
394,equal,1,allimgs/equal_present_00394.png
395,equal,1,allimgs/equal_present_00395.png
396,equal,1,allimgs/equal_present_00396.png
397,equal,1,allimgs/equal_present_00397.png
398,equal,1,allimgs/equal_present_00398.png
399,equal,1,allimgs/equal_present_00399.png
400,equal,1,allimgs/equal_present_00400.png
401,strong,0,allimgs/strong_absent_00401.png
402,strong,0,allimgs/strong_absent_00402.png
403,strong,0,allimgs/strong_absent_00403.png
404,strong,0,allimgs/strong_absent_00404.png
405,strong,0,allimgs/strong_absent_00405.png
406,strong,0,allimgs/strong_absent_00406.png
407,strong,0,allimgs/strong_absent_00407.png
408,strong,0,allimgs/strong_absent_00408.png
409,strong,0,allimgs/strong_absent_00409.png
410,strong,0,allimgs/strong_absent_00410.png
411,strong,0,allimgs/strong_absent_00411.png
412,strong,0,allimgs/strong_absent_00412.png
413,strong,0,allimgs/strong_absent_00413.png
414,strong,0,allimgs/strong_absent_00414.png
415,strong,0,allimgs/strong_absent_00415.png
416,strong,0,allimgs/strong_absent_00416.png
417,strong,0,allimgs/strong_absent_00417.png
418,strong,0,allimgs/strong_absent_00418.png
419,strong,0,allimgs/strong_absent_00419.png
420,strong,0,allimgs/strong_absent_00420.png
421,strong,0,allimgs/strong_absent_00421.png
422,strong,0,allimgs/strong_absent_00422.png
423,strong,0,allimgs/strong_absent_00423.png
424,strong,0,allimgs/strong_absent_00424.png
425,strong,0,allimgs/strong_absent_00425.png
426,strong,0,allimgs/strong_absent_00426.png
427,strong,0,allimgs/strong_absent_00427.png
428,strong,0,allimgs/strong_absent_00428.png
429,strong,0,allimgs/strong_absent_00429.png
430,strong,0,allimgs/strong_absent_00430.png
431,strong,0,allimgs/strong_absent_00431.png
432,strong,0,allimgs/strong_absent_00432.png
433,strong,0,allimgs/strong_absent_00433.png
434,strong,0,allimgs/strong_absent_00434.png
435,strong,0,allimgs/strong_absent_00435.png
436,strong,0,allimgs/strong_absent_00436.png
437,strong,0,allimgs/strong_absent_00437.png
438,strong,0,allimgs/strong_absent_00438.png
439,strong,0,allimgs/strong_absent_00439.png
440,strong,0,allimgs/strong_absent_00440.png
441,strong,0,allimgs/strong_absent_00441.png
442,strong,0,allimgs/strong_absent_00442.png
443,strong,0,allimgs/strong_absent_00443.png
444,strong,0,allimgs/strong_absent_00444.png
445,strong,0,allimgs/strong_absent_00445.png
446,strong,0,allimgs/strong_absent_00446.png
447,strong,0,allimgs/strong_absent_00447.png
448,strong,0,allimgs/strong_absent_00448.png
449,strong,0,allimgs/strong_absent_00449.png
450,strong,0,allimgs/strong_absent_00450.png
451,strong,0,allimgs/strong_absent_00451.png
452,strong,0,allimgs/strong_absent_00452.png
453,strong,0,allimgs/strong_absent_00453.png
454,strong,0,allimgs/strong_absent_00454.png
455,strong,0,allimgs/strong_absent_00455.png
456,strong,0,allimgs/strong_absent_00456.png
457,strong,0,allimgs/strong_absent_00457.png
458,strong,0,allimgs/strong_absent_00458.png
459,strong,0,allimgs/strong_absent_00459.png
460,strong,0,allimgs/strong_absent_00460.png
461,strong,0,allimgs/strong_absent_00461.png
462,strong,0,allimgs/strong_absent_00462.png
463,strong,0,allimgs/strong_absent_00463.png
464,strong,0,allimgs/strong_absent_00464.png
465,strong,0,allimgs/strong_absent_00465.png
466,strong,0,allimgs/strong_absent_00466.png
467,strong,0,allimgs/strong_absent_00467.png
468,strong,0,allimgs/strong_absent_00468.png
469,strong,0,allimgs/strong_absent_00469.png
470,strong,0,allimgs/strong_absent_00470.png
471,strong,0,allimgs/strong_absent_00471.png
472,strong,0,allimgs/strong_absent_00472.png
473,strong,0,allimgs/strong_absent_00473.png
474,strong,0,allimgs/strong_absent_00474.png
475,strong,0,allimgs/strong_absent_00475.png
476,strong,0,allimgs/strong_absent_00476.png
477,strong,0,allimgs/strong_absent_00477.png
478,strong,0,allimgs/strong_absent_00478.png
479,strong,0,allimgs/strong_absent_00479.png
480,strong,0,allimgs/strong_absent_00480.png
481,strong,0,allimgs/strong_absent_00481.png
482,strong,0,allimgs/strong_absent_00482.png
483,strong,0,allimgs/strong_absent_00483.png
484,strong,0,allimgs/strong_absent_00484.png
485,strong,0,allimgs/strong_absent_00485.png
486,strong,0,allimgs/strong_absent_00486.png
487,strong,0,allimgs/strong_absent_00487.png
488,strong,0,allimgs/strong_absent_00488.png
489,strong,0,allimgs/strong_absent_00489.png
490,strong,0,allimgs/strong_absent_00490.png
491,strong,0,allimgs/strong_absent_00491.png
492,strong,0,allimgs/strong_absent_00492.png
493,strong,0,allimgs/strong_absent_00493.png
494,strong,0,allimgs/strong_absent_00494.png
495,strong,0,allimgs/strong_absent_00495.png
496,strong,0,allimgs/strong_absent_00496.png
497,strong,0,allimgs/strong_absent_00497.png
498,strong,0,allimgs/strong_absent_00498.png
499,strong,0,allimgs/strong_absent_00499.png
500,strong,0,allimgs/strong_absent_00500.png
501,strong,0,allimgs/strong_absent_00501.png
502,strong,0,allimgs/strong_absent_00502.png
503,strong,0,allimgs/strong_absent_00503.png
504,strong,0,allimgs/strong_absent_00504.png
505,strong,0,allimgs/strong_absent_00505.png
506,strong,0,allimgs/strong_absent_00506.png
507,strong,0,allimgs/strong_absent_00507.png
508,strong,0,allimgs/strong_absent_00508.png
509,strong,0,allimgs/strong_absent_00509.png
510,strong,0,allimgs/strong_absent_00510.png
511,strong,0,allimgs/strong_absent_00511.png
512,strong,0,allimgs/strong_absent_00512.png
513,strong,0,allimgs/strong_absent_00513.png
514,strong,0,allimgs/strong_absent_00514.png
515,strong,0,allimgs/strong_absent_00515.png
516,strong,0,allimgs/strong_absent_00516.png
517,strong,0,allimgs/strong_absent_00517.png
518,strong,0,allimgs/strong_absent_00518.png
519,strong,0,allimgs/strong_absent_00519.png
520,strong,0,allimgs/strong_absent_00520.png
521,strong,0,allimgs/strong_absent_00521.png
522,strong,0,allimgs/strong_absent_00522.png
523,strong,0,allimgs/strong_absent_00523.png
524,strong,0,allimgs/strong_absent_00524.png
525,strong,0,allimgs/strong_absent_00525.png
526,strong,0,allimgs/strong_absent_00526.png
527,strong,0,allimgs/strong_absent_00527.png
528,strong,0,allimgs/strong_absent_00528.png
529,strong,0,allimgs/strong_absent_00529.png
530,strong,0,allimgs/strong_absent_00530.png
531,strong,0,allimgs/strong_absent_00531.png
532,strong,0,allimgs/strong_absent_00532.png
533,strong,0,allimgs/strong_absent_00533.png
534,strong,0,allimgs/strong_absent_00534.png
535,strong,0,allimgs/strong_absent_00535.png
536,strong,0,allimgs/strong_absent_00536.png
537,strong,0,allimgs/strong_absent_00537.png
538,strong,0,allimgs/strong_absent_00538.png
539,strong,0,allimgs/strong_absent_00539.png
540,strong,0,allimgs/strong_absent_00540.png
541,strong,0,allimgs/strong_absent_00541.png
542,strong,0,allimgs/strong_absent_00542.png
543,strong,0,allimgs/strong_absent_00543.png
544,strong,0,allimgs/strong_absent_00544.png
545,strong,0,allimgs/strong_absent_00545.png
546,strong,0,allimgs/strong_absent_00546.png
547,strong,0,allimgs/strong_absent_00547.png
548,strong,0,allimgs/strong_absent_00548.png
549,strong,0,allimgs/strong_absent_00549.png
550,strong,0,allimgs/strong_absent_00550.png
551,strong,0,allimgs/strong_absent_00551.png
552,strong,0,allimgs/strong_absent_00552.png
553,strong,0,allimgs/strong_absent_00553.png
554,strong,0,allimgs/strong_absent_00554.png
555,strong,0,allimgs/strong_absent_00555.png
556,strong,0,allimgs/strong_absent_00556.png
557,strong,0,allimgs/strong_absent_00557.png
558,strong,0,allimgs/strong_absent_00558.png
559,strong,0,allimgs/strong_absent_00559.png
560,strong,0,allimgs/strong_absent_00560.png
561,strong,0,allimgs/strong_absent_00561.png
562,strong,0,allimgs/strong_absent_00562.png
563,strong,0,allimgs/strong_absent_00563.png
564,strong,0,allimgs/strong_absent_00564.png
565,strong,0,allimgs/strong_absent_00565.png
566,strong,0,allimgs/strong_absent_00566.png
567,strong,0,allimgs/strong_absent_00567.png
568,strong,0,allimgs/strong_absent_00568.png
569,strong,0,allimgs/strong_absent_00569.png
570,strong,0,allimgs/strong_absent_00570.png
571,strong,0,allimgs/strong_absent_00571.png
572,strong,0,allimgs/strong_absent_00572.png
573,strong,0,allimgs/strong_absent_00573.png
574,strong,0,allimgs/strong_absent_00574.png
575,strong,0,allimgs/strong_absent_00575.png
576,strong,0,allimgs/strong_absent_00576.png
577,strong,0,allimgs/strong_absent_00577.png
578,strong,0,allimgs/strong_absent_00578.png
579,strong,0,allimgs/strong_absent_00579.png
580,strong,0,allimgs/strong_absent_00580.png
581,strong,0,allimgs/strong_absent_00581.png
582,strong,0,allimgs/strong_absent_00582.png
583,strong,0,allimgs/strong_absent_00583.png
584,strong,0,allimgs/strong_absent_00584.png
585,strong,0,allimgs/strong_absent_00585.png
586,strong,0,allimgs/strong_absent_00586.png
587,strong,0,allimgs/strong_absent_00587.png
588,strong,0,allimgs/strong_absent_00588.png
589,strong,0,allimgs/strong_absent_00589.png
590,strong,0,allimgs/strong_absent_00590.png
591,strong,0,allimgs/strong_absent_00591.png
592,strong,0,allimgs/strong_absent_00592.png
593,strong,0,allimgs/strong_absent_00593.png
594,strong,0,allimgs/strong_absent_00594.png
595,strong,0,allimgs/strong_absent_00595.png
596,strong,0,allimgs/strong_absent_00596.png
597,strong,0,allimgs/strong_absent_00597.png
598,strong,0,allimgs/strong_absent_00598.png
599,strong,0,allimgs/strong_absent_00599.png
600,strong,0,allimgs/strong_absent_00600.png
601,strong,1,allimgs/strong_present_00601.png
602,strong,1,allimgs/strong_present_00602.png
603,strong,1,allimgs/strong_present_00603.png
604,strong,1,allimgs/strong_present_00604.png
605,strong,1,allimgs/strong_present_00605.png
606,strong,1,allimgs/strong_present_00606.png
607,strong,1,allimgs/strong_present_00607.png
608,strong,1,allimgs/strong_present_00608.png
609,strong,1,allimgs/strong_present_00609.png
610,strong,1,allimgs/strong_present_00610.png
611,strong,1,allimgs/strong_present_00611.png
612,strong,1,allimgs/strong_present_00612.png
613,strong,1,allimgs/strong_present_00613.png
614,strong,1,allimgs/strong_present_00614.png
615,strong,1,allimgs/strong_present_00615.png
616,strong,1,allimgs/strong_present_00616.png
617,strong,1,allimgs/strong_present_00617.png
618,strong,1,allimgs/strong_present_00618.png
619,strong,1,allimgs/strong_present_00619.png
620,strong,1,allimgs/strong_present_00620.png
621,strong,1,allimgs/strong_present_00621.png
622,strong,1,allimgs/strong_present_00622.png
623,strong,1,allimgs/strong_present_00623.png
624,strong,1,allimgs/strong_present_00624.png
625,strong,1,allimgs/strong_present_00625.png
626,strong,1,allimgs/strong_present_00626.png
627,strong,1,allimgs/strong_present_00627.png
628,strong,1,allimgs/strong_present_00628.png
629,strong,1,allimgs/strong_present_00629.png
630,strong,1,allimgs/strong_present_00630.png
631,strong,1,allimgs/strong_present_00631.png
632,strong,1,allimgs/strong_present_00632.png
633,strong,1,allimgs/strong_present_00633.png
634,strong,1,allimgs/strong_present_00634.png
635,strong,1,allimgs/strong_present_00635.png
636,strong,1,allimgs/strong_present_00636.png
637,strong,1,allimgs/strong_present_00637.png
638,strong,1,allimgs/strong_present_00638.png
639,strong,1,allimgs/strong_present_00639.png
640,strong,1,allimgs/strong_present_00640.png
641,strong,1,allimgs/strong_present_00641.png
642,strong,1,allimgs/strong_present_00642.png
643,strong,1,allimgs/strong_present_00643.png
644,strong,1,allimgs/strong_present_00644.png
645,strong,1,allimgs/strong_present_00645.png
646,strong,1,allimgs/strong_present_00646.png
647,strong,1,allimgs/strong_present_00647.png
648,strong,1,allimgs/strong_present_00648.png
649,strong,1,allimgs/strong_present_00649.png
650,strong,1,allimgs/strong_present_00650.png
651,strong,1,allimgs/strong_present_00651.png
652,strong,1,allimgs/strong_present_00652.png
653,strong,1,allimgs/strong_present_00653.png
654,strong,1,allimgs/strong_present_00654.png
655,strong,1,allimgs/strong_present_00655.png
656,strong,1,allimgs/strong_present_00656.png
657,strong,1,allimgs/strong_present_00657.png
658,strong,1,allimgs/strong_present_00658.png
659,strong,1,allimgs/strong_present_00659.png
660,strong,1,allimgs/strong_present_00660.png
661,strong,1,allimgs/strong_present_00661.png
662,strong,1,allimgs/strong_present_00662.png
663,strong,1,allimgs/strong_present_00663.png
664,strong,1,allimgs/strong_present_00664.png
665,strong,1,allimgs/strong_present_00665.png
666,strong,1,allimgs/strong_present_00666.png
667,strong,1,allimgs/strong_present_00667.png
668,strong,1,allimgs/strong_present_00668.png
669,strong,1,allimgs/strong_present_00669.png
670,strong,1,allimgs/strong_present_00670.png
671,strong,1,allimgs/strong_present_00671.png
672,strong,1,allimgs/strong_present_00672.png
673,strong,1,allimgs/strong_present_00673.png
674,strong,1,allimgs/strong_present_00674.png
675,strong,1,allimgs/strong_present_00675.png
676,strong,1,allimgs/strong_present_00676.png
677,strong,1,allimgs/strong_present_00677.png
678,strong,1,allimgs/strong_present_00678.png
679,strong,1,allimgs/strong_present_00679.png
680,strong,1,allimgs/strong_present_00680.png
681,strong,1,allimgs/strong_present_00681.png
682,strong,1,allimgs/strong_present_00682.png
683,strong,1,allimgs/strong_present_00683.png
684,strong,1,allimgs/strong_present_00684.png
685,strong,1,allimgs/strong_present_00685.png
686,strong,1,allimgs/strong_present_00686.png
687,strong,1,allimgs/strong_present_00687.png
688,strong,1,allimgs/strong_present_00688.png
689,strong,1,allimgs/strong_present_00689.png
690,strong,1,allimgs/strong_present_00690.png
691,strong,1,allimgs/strong_present_00691.png
692,strong,1,allimgs/strong_present_00692.png
693,strong,1,allimgs/strong_present_00693.png
694,strong,1,allimgs/strong_present_00694.png
695,strong,1,allimgs/strong_present_00695.png
696,strong,1,allimgs/strong_present_00696.png
697,strong,1,allimgs/strong_present_00697.png
698,strong,1,allimgs/strong_present_00698.png
699,strong,1,allimgs/strong_present_00699.png
700,strong,1,allimgs/strong_present_00700.png
701,strong,1,allimgs/strong_present_00701.png
702,strong,1,allimgs/strong_present_00702.png
703,strong,1,allimgs/strong_present_00703.png
704,strong,1,allimgs/strong_present_00704.png
705,strong,1,allimgs/strong_present_00705.png
706,strong,1,allimgs/strong_present_00706.png
707,strong,1,allimgs/strong_present_00707.png
708,strong,1,allimgs/strong_present_00708.png
709,strong,1,allimgs/strong_present_00709.png
710,strong,1,allimgs/strong_present_00710.png
711,strong,1,allimgs/strong_present_00711.png
712,strong,1,allimgs/strong_present_00712.png
713,strong,1,allimgs/strong_present_00713.png
714,strong,1,allimgs/strong_present_00714.png
715,strong,1,allimgs/strong_present_00715.png
716,strong,1,allimgs/strong_present_00716.png
717,strong,1,allimgs/strong_present_00717.png
718,strong,1,allimgs/strong_present_00718.png
719,strong,1,allimgs/strong_present_00719.png
720,strong,1,allimgs/strong_present_00720.png
721,strong,1,allimgs/strong_present_00721.png
722,strong,1,allimgs/strong_present_00722.png
723,strong,1,allimgs/strong_present_00723.png
724,strong,1,allimgs/strong_present_00724.png
725,strong,1,allimgs/strong_present_00725.png
726,strong,1,allimgs/strong_present_00726.png
727,strong,1,allimgs/strong_present_00727.png
728,strong,1,allimgs/strong_present_00728.png
729,strong,1,allimgs/strong_present_00729.png
730,strong,1,allimgs/strong_present_00730.png
731,strong,1,allimgs/strong_present_00731.png
732,strong,1,allimgs/strong_present_00732.png
733,strong,1,allimgs/strong_present_00733.png
734,strong,1,allimgs/strong_present_00734.png
735,strong,1,allimgs/strong_present_00735.png
736,strong,1,allimgs/strong_present_00736.png
737,strong,1,allimgs/strong_present_00737.png
738,strong,1,allimgs/strong_present_00738.png
739,strong,1,allimgs/strong_present_00739.png
740,strong,1,allimgs/strong_present_00740.png
741,strong,1,allimgs/strong_present_00741.png
742,strong,1,allimgs/strong_present_00742.png
743,strong,1,allimgs/strong_present_00743.png
744,strong,1,allimgs/strong_present_00744.png
745,strong,1,allimgs/strong_present_00745.png
746,strong,1,allimgs/strong_present_00746.png
747,strong,1,allimgs/strong_present_00747.png
748,strong,1,allimgs/strong_present_00748.png
749,strong,1,allimgs/strong_present_00749.png
750,strong,1,allimgs/strong_present_00750.png
751,strong,1,allimgs/strong_present_00751.png
752,strong,1,allimgs/strong_present_00752.png
753,strong,1,allimgs/strong_present_00753.png
754,strong,1,allimgs/strong_present_00754.png
755,strong,1,allimgs/strong_present_00755.png
756,strong,1,allimgs/strong_present_00756.png
757,strong,1,allimgs/strong_present_00757.png
758,strong,1,allimgs/strong_present_00758.png
759,strong,1,allimgs/strong_present_00759.png
760,strong,1,allimgs/strong_present_00760.png
761,strong,1,allimgs/strong_present_00761.png
762,strong,1,allimgs/strong_present_00762.png
763,strong,1,allimgs/strong_present_00763.png
764,strong,1,allimgs/strong_present_00764.png
765,strong,1,allimgs/strong_present_00765.png
766,strong,1,allimgs/strong_present_00766.png
767,strong,1,allimgs/strong_present_00767.png
768,strong,1,allimgs/strong_present_00768.png
769,strong,1,allimgs/strong_present_00769.png
770,strong,1,allimgs/strong_present_00770.png
771,strong,1,allimgs/strong_present_00771.png
772,strong,1,allimgs/strong_present_00772.png
773,strong,1,allimgs/strong_present_00773.png
774,strong,1,allimgs/strong_present_00774.png
775,strong,1,allimgs/strong_present_00775.png
776,strong,1,allimgs/strong_present_00776.png
777,strong,1,allimgs/strong_present_00777.png
778,strong,1,allimgs/strong_present_00778.png
779,strong,1,allimgs/strong_present_00779.png
780,strong,1,allimgs/strong_present_00780.png
781,strong,1,allimgs/strong_present_00781.png
782,strong,1,allimgs/strong_present_00782.png
783,strong,1,allimgs/strong_present_00783.png
784,strong,1,allimgs/strong_present_00784.png
785,strong,1,allimgs/strong_present_00785.png
786,strong,1,allimgs/strong_present_00786.png
787,strong,1,allimgs/strong_present_00787.png
788,strong,1,allimgs/strong_present_00788.png
789,strong,1,allimgs/strong_present_00789.png
790,strong,1,allimgs/strong_present_00790.png
791,strong,1,allimgs/strong_present_00791.png
792,strong,1,allimgs/strong_present_00792.png
793,strong,1,allimgs/strong_present_00793.png
794,strong,1,allimgs/strong_present_00794.png
795,strong,1,allimgs/strong_present_00795.png
796,strong,1,allimgs/strong_present_00796.png
797,strong,1,allimgs/strong_present_00797.png
798,strong,1,allimgs/strong_present_00798.png
799,strong,1,allimgs/strong_present_00799.png
800,strong,1,allimgs/strong_present_00800.png
801,weak,0,allimgs/weak_absent_00801.png
802,weak,0,allimgs/weak_absent_00802.png
803,weak,0,allimgs/weak_absent_00803.png
804,weak,0,allimgs/weak_absent_00804.png
805,weak,0,allimgs/weak_absent_00805.png
806,weak,0,allimgs/weak_absent_00806.png
807,weak,0,allimgs/weak_absent_00807.png
808,weak,0,allimgs/weak_absent_00808.png
809,weak,0,allimgs/weak_absent_00809.png
810,weak,0,allimgs/weak_absent_00810.png
811,weak,0,allimgs/weak_absent_00811.png
812,weak,0,allimgs/weak_absent_00812.png
813,weak,0,allimgs/weak_absent_00813.png
814,weak,0,allimgs/weak_absent_00814.png
815,weak,0,allimgs/weak_absent_00815.png
816,weak,0,allimgs/weak_absent_00816.png
817,weak,0,allimgs/weak_absent_00817.png
818,weak,0,allimgs/weak_absent_00818.png
819,weak,0,allimgs/weak_absent_00819.png
820,weak,0,allimgs/weak_absent_00820.png
821,weak,0,allimgs/weak_absent_00821.png
822,weak,0,allimgs/weak_absent_00822.png
823,weak,0,allimgs/weak_absent_00823.png
824,weak,0,allimgs/weak_absent_00824.png
825,weak,0,allimgs/weak_absent_00825.png
826,weak,0,allimgs/weak_absent_00826.png
827,weak,0,allimgs/weak_absent_00827.png
828,weak,0,allimgs/weak_absent_00828.png
829,weak,0,allimgs/weak_absent_00829.png
830,weak,0,allimgs/weak_absent_00830.png
831,weak,0,allimgs/weak_absent_00831.png
832,weak,0,allimgs/weak_absent_00832.png
833,weak,0,allimgs/weak_absent_00833.png
834,weak,0,allimgs/weak_absent_00834.png
835,weak,0,allimgs/weak_absent_00835.png
836,weak,0,allimgs/weak_absent_00836.png
837,weak,0,allimgs/weak_absent_00837.png
838,weak,0,allimgs/weak_absent_00838.png
839,weak,0,allimgs/weak_absent_00839.png
840,weak,0,allimgs/weak_absent_00840.png
841,weak,0,allimgs/weak_absent_00841.png
842,weak,0,allimgs/weak_absent_00842.png
843,weak,0,allimgs/weak_absent_00843.png
844,weak,0,allimgs/weak_absent_00844.png
845,weak,0,allimgs/weak_absent_00845.png
846,weak,0,allimgs/weak_absent_00846.png
847,weak,0,allimgs/weak_absent_00847.png
848,weak,0,allimgs/weak_absent_00848.png
849,weak,0,allimgs/weak_absent_00849.png
850,weak,0,allimgs/weak_absent_00850.png
851,weak,0,allimgs/weak_absent_00851.png
852,weak,0,allimgs/weak_absent_00852.png
853,weak,0,allimgs/weak_absent_00853.png
854,weak,0,allimgs/weak_absent_00854.png
855,weak,0,allimgs/weak_absent_00855.png
856,weak,0,allimgs/weak_absent_00856.png
857,weak,0,allimgs/weak_absent_00857.png
858,weak,0,allimgs/weak_absent_00858.png
859,weak,0,allimgs/weak_absent_00859.png
860,weak,0,allimgs/weak_absent_00860.png
861,weak,0,allimgs/weak_absent_00861.png
862,weak,0,allimgs/weak_absent_00862.png
863,weak,0,allimgs/weak_absent_00863.png
864,weak,0,allimgs/weak_absent_00864.png
865,weak,0,allimgs/weak_absent_00865.png
866,weak,0,allimgs/weak_absent_00866.png
867,weak,0,allimgs/weak_absent_00867.png
868,weak,0,allimgs/weak_absent_00868.png
869,weak,0,allimgs/weak_absent_00869.png
870,weak,0,allimgs/weak_absent_00870.png
871,weak,0,allimgs/weak_absent_00871.png
872,weak,0,allimgs/weak_absent_00872.png
873,weak,0,allimgs/weak_absent_00873.png
874,weak,0,allimgs/weak_absent_00874.png
875,weak,0,allimgs/weak_absent_00875.png
876,weak,0,allimgs/weak_absent_00876.png
877,weak,0,allimgs/weak_absent_00877.png
878,weak,0,allimgs/weak_absent_00878.png
879,weak,0,allimgs/weak_absent_00879.png
880,weak,0,allimgs/weak_absent_00880.png
881,weak,0,allimgs/weak_absent_00881.png
882,weak,0,allimgs/weak_absent_00882.png
883,weak,0,allimgs/weak_absent_00883.png
884,weak,0,allimgs/weak_absent_00884.png
885,weak,0,allimgs/weak_absent_00885.png
886,weak,0,allimgs/weak_absent_00886.png
887,weak,0,allimgs/weak_absent_00887.png
888,weak,0,allimgs/weak_absent_00888.png
889,weak,0,allimgs/weak_absent_00889.png
890,weak,0,allimgs/weak_absent_00890.png
891,weak,0,allimgs/weak_absent_00891.png
892,weak,0,allimgs/weak_absent_00892.png
893,weak,0,allimgs/weak_absent_00893.png
894,weak,0,allimgs/weak_absent_00894.png
895,weak,0,allimgs/weak_absent_00895.png
896,weak,0,allimgs/weak_absent_00896.png
897,weak,0,allimgs/weak_absent_00897.png
898,weak,0,allimgs/weak_absent_00898.png
899,weak,0,allimgs/weak_absent_00899.png
900,weak,0,allimgs/weak_absent_00900.png
901,weak,0,allimgs/weak_absent_00901.png
902,weak,0,allimgs/weak_absent_00902.png
903,weak,0,allimgs/weak_absent_00903.png
904,weak,0,allimgs/weak_absent_00904.png
905,weak,0,allimgs/weak_absent_00905.png
906,weak,0,allimgs/weak_absent_00906.png
907,weak,0,allimgs/weak_absent_00907.png
908,weak,0,allimgs/weak_absent_00908.png
909,weak,0,allimgs/weak_absent_00909.png
910,weak,0,allimgs/weak_absent_00910.png
911,weak,0,allimgs/weak_absent_00911.png
912,weak,0,allimgs/weak_absent_00912.png
913,weak,0,allimgs/weak_absent_00913.png
914,weak,0,allimgs/weak_absent_00914.png
915,weak,0,allimgs/weak_absent_00915.png
916,weak,0,allimgs/weak_absent_00916.png
917,weak,0,allimgs/weak_absent_00917.png
918,weak,0,allimgs/weak_absent_00918.png
919,weak,0,allimgs/weak_absent_00919.png
920,weak,0,allimgs/weak_absent_00920.png
921,weak,0,allimgs/weak_absent_00921.png
922,weak,0,allimgs/weak_absent_00922.png
923,weak,0,allimgs/weak_absent_00923.png
924,weak,0,allimgs/weak_absent_00924.png
925,weak,0,allimgs/weak_absent_00925.png
926,weak,0,allimgs/weak_absent_00926.png
927,weak,0,allimgs/weak_absent_00927.png
928,weak,0,allimgs/weak_absent_00928.png
929,weak,0,allimgs/weak_absent_00929.png
930,weak,0,allimgs/weak_absent_00930.png
931,weak,0,allimgs/weak_absent_00931.png
932,weak,0,allimgs/weak_absent_00932.png
933,weak,0,allimgs/weak_absent_00933.png
934,weak,0,allimgs/weak_absent_00934.png
935,weak,0,allimgs/weak_absent_00935.png
936,weak,0,allimgs/weak_absent_00936.png
937,weak,0,allimgs/weak_absent_00937.png
938,weak,0,allimgs/weak_absent_00938.png
939,weak,0,allimgs/weak_absent_00939.png
940,weak,0,allimgs/weak_absent_00940.png
941,weak,0,allimgs/weak_absent_00941.png
942,weak,0,allimgs/weak_absent_00942.png
943,weak,0,allimgs/weak_absent_00943.png
944,weak,0,allimgs/weak_absent_00944.png
945,weak,0,allimgs/weak_absent_00945.png
946,weak,0,allimgs/weak_absent_00946.png
947,weak,0,allimgs/weak_absent_00947.png
948,weak,0,allimgs/weak_absent_00948.png
949,weak,0,allimgs/weak_absent_00949.png
950,weak,0,allimgs/weak_absent_00950.png
951,weak,0,allimgs/weak_absent_00951.png
952,weak,0,allimgs/weak_absent_00952.png
953,weak,0,allimgs/weak_absent_00953.png
954,weak,0,allimgs/weak_absent_00954.png
955,weak,0,allimgs/weak_absent_00955.png
956,weak,0,allimgs/weak_absent_00956.png
957,weak,0,allimgs/weak_absent_00957.png
958,weak,0,allimgs/weak_absent_00958.png
959,weak,0,allimgs/weak_absent_00959.png
960,weak,0,allimgs/weak_absent_00960.png
961,weak,0,allimgs/weak_absent_00961.png
962,weak,0,allimgs/weak_absent_00962.png
963,weak,0,allimgs/weak_absent_00963.png
964,weak,0,allimgs/weak_absent_00964.png
965,weak,0,allimgs/weak_absent_00965.png
966,weak,0,allimgs/weak_absent_00966.png
967,weak,0,allimgs/weak_absent_00967.png
968,weak,0,allimgs/weak_absent_00968.png
969,weak,0,allimgs/weak_absent_00969.png
970,weak,0,allimgs/weak_absent_00970.png
971,weak,0,allimgs/weak_absent_00971.png
972,weak,0,allimgs/weak_absent_00972.png
973,weak,0,allimgs/weak_absent_00973.png
974,weak,0,allimgs/weak_absent_00974.png
975,weak,0,allimgs/weak_absent_00975.png
976,weak,0,allimgs/weak_absent_00976.png
977,weak,0,allimgs/weak_absent_00977.png
978,weak,0,allimgs/weak_absent_00978.png
979,weak,0,allimgs/weak_absent_00979.png
980,weak,0,allimgs/weak_absent_00980.png
981,weak,0,allimgs/weak_absent_00981.png
982,weak,0,allimgs/weak_absent_00982.png
983,weak,0,allimgs/weak_absent_00983.png
984,weak,0,allimgs/weak_absent_00984.png
985,weak,0,allimgs/weak_absent_00985.png
986,weak,0,allimgs/weak_absent_00986.png
987,weak,0,allimgs/weak_absent_00987.png
988,weak,0,allimgs/weak_absent_00988.png
989,weak,0,allimgs/weak_absent_00989.png
990,weak,0,allimgs/weak_absent_00990.png
991,weak,0,allimgs/weak_absent_00991.png
992,weak,0,allimgs/weak_absent_00992.png
993,weak,0,allimgs/weak_absent_00993.png
994,weak,0,allimgs/weak_absent_00994.png
995,weak,0,allimgs/weak_absent_00995.png
996,weak,0,allimgs/weak_absent_00996.png
997,weak,0,allimgs/weak_absent_00997.png
998,weak,0,allimgs/weak_absent_00998.png
999,weak,0,allimgs/weak_absent_00999.png
1000,weak,0,allimgs/weak_absent_01000.png
1001,weak,1,allimgs/weak_present_01001.png
1002,weak,1,allimgs/weak_present_01002.png
1003,weak,1,allimgs/weak_present_01003.png
1004,weak,1,allimgs/weak_present_01004.png
1005,weak,1,allimgs/weak_present_01005.png
1006,weak,1,allimgs/weak_present_01006.png
1007,weak,1,allimgs/weak_present_01007.png
1008,weak,1,allimgs/weak_present_01008.png
1009,weak,1,allimgs/weak_present_01009.png
1010,weak,1,allimgs/weak_present_01010.png
1011,weak,1,allimgs/weak_present_01011.png
1012,weak,1,allimgs/weak_present_01012.png
1013,weak,1,allimgs/weak_present_01013.png
1014,weak,1,allimgs/weak_present_01014.png
1015,weak,1,allimgs/weak_present_01015.png
1016,weak,1,allimgs/weak_present_01016.png
1017,weak,1,allimgs/weak_present_01017.png
1018,weak,1,allimgs/weak_present_01018.png
1019,weak,1,allimgs/weak_present_01019.png
1020,weak,1,allimgs/weak_present_01020.png
1021,weak,1,allimgs/weak_present_01021.png
1022,weak,1,allimgs/weak_present_01022.png
1023,weak,1,allimgs/weak_present_01023.png
1024,weak,1,allimgs/weak_present_01024.png
1025,weak,1,allimgs/weak_present_01025.png
1026,weak,1,allimgs/weak_present_01026.png
1027,weak,1,allimgs/weak_present_01027.png
1028,weak,1,allimgs/weak_present_01028.png
1029,weak,1,allimgs/weak_present_01029.png
1030,weak,1,allimgs/weak_present_01030.png
1031,weak,1,allimgs/weak_present_01031.png
1032,weak,1,allimgs/weak_present_01032.png
1033,weak,1,allimgs/weak_present_01033.png
1034,weak,1,allimgs/weak_present_01034.png
1035,weak,1,allimgs/weak_present_01035.png
1036,weak,1,allimgs/weak_present_01036.png
1037,weak,1,allimgs/weak_present_01037.png
1038,weak,1,allimgs/weak_present_01038.png
1039,weak,1,allimgs/weak_present_01039.png
1040,weak,1,allimgs/weak_present_01040.png
1041,weak,1,allimgs/weak_present_01041.png
1042,weak,1,allimgs/weak_present_01042.png
1043,weak,1,allimgs/weak_present_01043.png
1044,weak,1,allimgs/weak_present_01044.png
1045,weak,1,allimgs/weak_present_01045.png
1046,weak,1,allimgs/weak_present_01046.png
1047,weak,1,allimgs/weak_present_01047.png
1048,weak,1,allimgs/weak_present_01048.png
1049,weak,1,allimgs/weak_present_01049.png
1050,weak,1,allimgs/weak_present_01050.png
1051,weak,1,allimgs/weak_present_01051.png
1052,weak,1,allimgs/weak_present_01052.png
1053,weak,1,allimgs/weak_present_01053.png
1054,weak,1,allimgs/weak_present_01054.png
1055,weak,1,allimgs/weak_present_01055.png
1056,weak,1,allimgs/weak_present_01056.png
1057,weak,1,allimgs/weak_present_01057.png
1058,weak,1,allimgs/weak_present_01058.png
1059,weak,1,allimgs/weak_present_01059.png
1060,weak,1,allimgs/weak_present_01060.png
1061,weak,1,allimgs/weak_present_01061.png
1062,weak,1,allimgs/weak_present_01062.png
1063,weak,1,allimgs/weak_present_01063.png
1064,weak,1,allimgs/weak_present_01064.png
1065,weak,1,allimgs/weak_present_01065.png
1066,weak,1,allimgs/weak_present_01066.png
1067,weak,1,allimgs/weak_present_01067.png
1068,weak,1,allimgs/weak_present_01068.png
1069,weak,1,allimgs/weak_present_01069.png
1070,weak,1,allimgs/weak_present_01070.png
1071,weak,1,allimgs/weak_present_01071.png
1072,weak,1,allimgs/weak_present_01072.png
1073,weak,1,allimgs/weak_present_01073.png
1074,weak,1,allimgs/weak_present_01074.png
1075,weak,1,allimgs/weak_present_01075.png
1076,weak,1,allimgs/weak_present_01076.png
1077,weak,1,allimgs/weak_present_01077.png
1078,weak,1,allimgs/weak_present_01078.png
1079,weak,1,allimgs/weak_present_01079.png
1080,weak,1,allimgs/weak_present_01080.png
1081,weak,1,allimgs/weak_present_01081.png
1082,weak,1,allimgs/weak_present_01082.png
1083,weak,1,allimgs/weak_present_01083.png
1084,weak,1,allimgs/weak_present_01084.png
1085,weak,1,allimgs/weak_present_01085.png
1086,weak,1,allimgs/weak_present_01086.png
1087,weak,1,allimgs/weak_present_01087.png
1088,weak,1,allimgs/weak_present_01088.png
1089,weak,1,allimgs/weak_present_01089.png
1090,weak,1,allimgs/weak_present_01090.png
1091,weak,1,allimgs/weak_present_01091.png
1092,weak,1,allimgs/weak_present_01092.png
1093,weak,1,allimgs/weak_present_01093.png
1094,weak,1,allimgs/weak_present_01094.png
1095,weak,1,allimgs/weak_present_01095.png
1096,weak,1,allimgs/weak_present_01096.png
1097,weak,1,allimgs/weak_present_01097.png
1098,weak,1,allimgs/weak_present_01098.png
1099,weak,1,allimgs/weak_present_01099.png
1100,weak,1,allimgs/weak_present_01100.png
1101,weak,1,allimgs/weak_present_01101.png
1102,weak,1,allimgs/weak_present_01102.png
1103,weak,1,allimgs/weak_present_01103.png
1104,weak,1,allimgs/weak_present_01104.png
1105,weak,1,allimgs/weak_present_01105.png
1106,weak,1,allimgs/weak_present_01106.png
1107,weak,1,allimgs/weak_present_01107.png
1108,weak,1,allimgs/weak_present_01108.png
1109,weak,1,allimgs/weak_present_01109.png
1110,weak,1,allimgs/weak_present_01110.png
1111,weak,1,allimgs/weak_present_01111.png
1112,weak,1,allimgs/weak_present_01112.png
1113,weak,1,allimgs/weak_present_01113.png
1114,weak,1,allimgs/weak_present_01114.png
1115,weak,1,allimgs/weak_present_01115.png
1116,weak,1,allimgs/weak_present_01116.png
1117,weak,1,allimgs/weak_present_01117.png
1118,weak,1,allimgs/weak_present_01118.png
1119,weak,1,allimgs/weak_present_01119.png
1120,weak,1,allimgs/weak_present_01120.png
1121,weak,1,allimgs/weak_present_01121.png
1122,weak,1,allimgs/weak_present_01122.png
1123,weak,1,allimgs/weak_present_01123.png
1124,weak,1,allimgs/weak_present_01124.png
1125,weak,1,allimgs/weak_present_01125.png
1126,weak,1,allimgs/weak_present_01126.png
1127,weak,1,allimgs/weak_present_01127.png
1128,weak,1,allimgs/weak_present_01128.png
1129,weak,1,allimgs/weak_present_01129.png
1130,weak,1,allimgs/weak_present_01130.png
1131,weak,1,allimgs/weak_present_01131.png
1132,weak,1,allimgs/weak_present_01132.png
1133,weak,1,allimgs/weak_present_01133.png
1134,weak,1,allimgs/weak_present_01134.png
1135,weak,1,allimgs/weak_present_01135.png
1136,weak,1,allimgs/weak_present_01136.png
1137,weak,1,allimgs/weak_present_01137.png
1138,weak,1,allimgs/weak_present_01138.png
1139,weak,1,allimgs/weak_present_01139.png
1140,weak,1,allimgs/weak_present_01140.png
1141,weak,1,allimgs/weak_present_01141.png
1142,weak,1,allimgs/weak_present_01142.png
1143,weak,1,allimgs/weak_present_01143.png
1144,weak,1,allimgs/weak_present_01144.png
1145,weak,1,allimgs/weak_present_01145.png
1146,weak,1,allimgs/weak_present_01146.png
1147,weak,1,allimgs/weak_present_01147.png
1148,weak,1,allimgs/weak_present_01148.png
1149,weak,1,allimgs/weak_present_01149.png
1150,weak,1,allimgs/weak_present_01150.png
1151,weak,1,allimgs/weak_present_01151.png
1152,weak,1,allimgs/weak_present_01152.png
1153,weak,1,allimgs/weak_present_01153.png
1154,weak,1,allimgs/weak_present_01154.png
1155,weak,1,allimgs/weak_present_01155.png
1156,weak,1,allimgs/weak_present_01156.png
1157,weak,1,allimgs/weak_present_01157.png
1158,weak,1,allimgs/weak_present_01158.png
1159,weak,1,allimgs/weak_present_01159.png
1160,weak,1,allimgs/weak_present_01160.png
1161,weak,1,allimgs/weak_present_01161.png
1162,weak,1,allimgs/weak_present_01162.png
1163,weak,1,allimgs/weak_present_01163.png
1164,weak,1,allimgs/weak_present_01164.png
1165,weak,1,allimgs/weak_present_01165.png
1166,weak,1,allimgs/weak_present_01166.png
1167,weak,1,allimgs/weak_present_01167.png
1168,weak,1,allimgs/weak_present_01168.png
1169,weak,1,allimgs/weak_present_01169.png
1170,weak,1,allimgs/weak_present_01170.png
1171,weak,1,allimgs/weak_present_01171.png
1172,weak,1,allimgs/weak_present_01172.png
1173,weak,1,allimgs/weak_present_01173.png
1174,weak,1,allimgs/weak_present_01174.png
1175,weak,1,allimgs/weak_present_01175.png
1176,weak,1,allimgs/weak_present_01176.png
1177,weak,1,allimgs/weak_present_01177.png
1178,weak,1,allimgs/weak_present_01178.png
1179,weak,1,allimgs/weak_present_01179.png
1180,weak,1,allimgs/weak_present_01180.png
1181,weak,1,allimgs/weak_present_01181.png
1182,weak,1,allimgs/weak_present_01182.png
1183,weak,1,allimgs/weak_present_01183.png
1184,weak,1,allimgs/weak_present_01184.png
1185,weak,1,allimgs/weak_present_01185.png
1186,weak,1,allimgs/weak_present_01186.png
1187,weak,1,allimgs/weak_present_01187.png
1188,weak,1,allimgs/weak_present_01188.png
1189,weak,1,allimgs/weak_present_01189.png
1190,weak,1,allimgs/weak_present_01190.png
1191,weak,1,allimgs/weak_present_01191.png
1192,weak,1,allimgs/weak_present_01192.png
1193,weak,1,allimgs/weak_present_01193.png
1194,weak,1,allimgs/weak_present_01194.png
1195,weak,1,allimgs/weak_present_01195.png
1196,weak,1,allimgs/weak_present_01196.png
1197,weak,1,allimgs/weak_present_01197.png
1198,weak,1,allimgs/weak_present_01198.png
1199,weak,1,allimgs/weak_present_01199.png
1200,weak,1,allimgs/weak_present_01200.png
